Date,Available_Beds,Occupied_Beds,Staff_Count,Occupancy_Rate,Overcapacity_Flag,Month_Start
01-01-2023,126,76,213,0.60,No,01-01-2023
02-01-2023,105,101,178,0.96,No,01-01-2023
03-01-2023,181,60,,0.33,No,01-01-2023
04-01-2023,256,247,133,0.96,No,01-01-2023
05-01-2023,146,62,196,0.42,No,01-01-2023
06-01-2023,238,209,172,0.88,No,01-01-2023
07-01-2023,185,170,205,0.92,No,01-01-2023
08-01-2023,222,124,132,0.56,No,01-01-2023
09-01-2023,191,107,132,0.56,No,01-01-2023
10-01-2023,123,105,,0.85,No,01-01-2023
11-01-2023,238,138,88,0.58,No,01-01-2023
12-01-2023,188,92,190,0.49,No,01-01-2023
13-01-2023,143,96,173,0.67,No,01-01-2023
14-01-2023,260,242,108,0.93,No,01-01-2023
15-01-2023,159,131,163,0.82,No,01-01-2023
16-01-2023,221,151,191,0.68,No,01-01-2023
17-01-2023,188,173,151,0.92,No,01-01-2023
18-01-2023,162,155,147,0.96,No,01-01-2023
19-01-2023,185,142,86,0.77,No,01-01-2023
20-01-2023,176,139,201,0.79,No,01-01-2023
21-01-2023,247,225,85,0.91,No,01-01-2023
22-01-2023,132,90,89,0.68,No,01-01-2023
23-01-2023,216,131,156,0.61,No,01-01-2023
24-01-2023,108,92,97,0.85,No,01-01-2023
25-01-2023,195,102,,0.52,No,01-01-2023
26-01-2023,209,194,163,0.93,No,01-01-2023
27-01-2023,184,160,188,0.87,No,01-01-2023
28-01-2023,147,80,160,0.54,No,01-01-2023
29-01-2023,205,121,82,0.59,No,01-01-2023
30-01-2023,116,70,129,0.60,No,01-01-2023
31-01-2023,106,87,,0.82,No,01-01-2023
01-02-2023,148,137,88,0.93,No,01-02-2023
02-02-2023,150,62,101,0.41,No,01-02-2023
03-02-2023,171,71,166,0.42,No,01-02-2023
04-02-2023,107,95,203,0.89,No,01-02-2023
05-02-2023,193,84,152,0.44,No,01-02-2023
06-02-2023,163,93,,0.57,No,01-02-2023
07-02-2023,245,88,188,0.36,No,01-02-2023
08-02-2023,139,136,157,0.98,No,01-02-2023
09-02-2023,221,209,123,0.95,No,01-02-2023
10-02-2023,228,112,94,0.49,No,01-02-2023
11-02-2023,199,75,112,0.38,No,01-02-2023
12-02-2023,134,95,177,0.71,No,01-02-2023
13-02-2023,104,73,,0.70,No,01-02-2023
14-02-2023,163,110,100,0.67,No,01-02-2023
15-02-2023,144,120,200,0.83,No,01-02-2023
16-02-2023,120,99,127,0.83,No,01-02-2023
17-02-2023,233,132,220,0.57,No,01-02-2023
18-02-2023,227,114,,0.50,No,01-02-2023
19-02-2023,151,101,94,0.67,No,01-02-2023
20-02-2023,110,100,161,0.91,No,01-02-2023
21-02-2023,102,86,218,0.84,No,01-02-2023
22-02-2023,177,133,109,0.75,No,01-02-2023
23-02-2023,219,137,133,0.63,No,01-02-2023
24-02-2023,214,213,126,1.00,No,01-02-2023
25-02-2023,130,63,150,0.48,No,01-02-2023
26-02-2023,137,133,97,0.97,No,01-02-2023
27-02-2023,122,97,119,0.80,No,01-02-2023
28-02-2023,147,62,208,0.42,No,01-02-2023
01-03-2023,230,208,104,0.90,No,01-03-2023
02-03-2023,129,101,184,0.78,No,01-03-2023
03-03-2023,175,115,162,0.66,No,01-03-2023
04-03-2023,206,176,,0.85,No,01-03-2023
05-03-2023,137,102,149,0.74,No,01-03-2023
06-03-2023,124,72,133,0.58,No,01-03-2023
07-03-2023,167,81,,0.49,No,01-03-2023
08-03-2023,130,75,130,0.58,No,01-03-2023
09-03-2023,170,118,163,0.69,No,01-03-2023
10-03-2023,260,175,215,0.67,No,01-03-2023
11-03-2023,218,125,145,0.57,No,01-03-2023
12-03-2023,232,97,170,0.42,No,01-03-2023
13-03-2023,200,183,117,0.92,No,01-03-2023
14-03-2023,245,73,205,0.30,No,01-03-2023
15-03-2023,250,230,129,0.92,No,01-03-2023
16-03-2023,111,141,85,1.27,Yes,01-03-2023
17-03-2023,181,123,181,0.68,No,01-03-2023
18-03-2023,153,120,157,0.78,No,01-03-2023
19-03-2023,175,166,203,0.95,No,01-03-2023
20-03-2023,202,160,117,0.79,No,01-03-2023
21-03-2023,125,109,142,0.87,No,01-03-2023
22-03-2023,223,211,213,0.95,No,01-03-2023
23-03-2023,219,96,97,0.44,No,01-03-2023
24-03-2023,188,107,116,0.57,No,01-03-2023
25-03-2023,112,76,125,0.68,No,01-03-2023
26-03-2023,207,129,110,0.62,No,01-03-2023
27-03-2023,145,92,,0.63,No,01-03-2023
28-03-2023,193,90,157,0.47,No,01-03-2023
29-03-2023,157,135,159,0.86,No,01-03-2023
30-03-2023,150,61,157,0.41,No,01-03-2023
31-03-2023,174,170,192,0.98,No,01-03-2023
01-04-2023,229,166,101,0.72,No,01-04-2023
02-04-2023,172,120,105,0.70,No,01-04-2023
03-04-2023,233,140,132,0.60,No,01-04-2023
04-04-2023,214,201,180,0.94,No,01-04-2023
05-04-2023,141,128,118,0.91,No,01-04-2023
06-04-2023,248,200,97,0.81,No,01-04-2023
07-04-2023,248,116,129,0.47,No,01-04-2023
08-04-2023,105,90,185,0.86,No,01-04-2023
09-04-2023,118,113,154,0.96,No,01-04-2023
10-04-2023,228,199,141,0.87,No,01-04-2023
11-04-2023,170,108,132,0.64,No,01-04-2023
12-04-2023,118,74,87,0.63,No,01-04-2023
13-04-2023,158,154,126,0.97,No,01-04-2023
14-04-2023,154,151,82,0.98,No,01-04-2023
15-04-2023,240,179,209,0.75,No,01-04-2023
16-04-2023,256,251,203,0.98,No,01-04-2023
17-04-2023,122,121,187,0.99,No,01-04-2023
18-04-2023,148,62,84,0.42,No,01-04-2023
19-04-2023,213,110,127,0.52,No,01-04-2023
20-04-2023,253,102,93,0.40,No,01-04-2023
21-04-2023,109,99,81,0.91,No,01-04-2023
22-04-2023,199,178,216,0.89,No,01-04-2023
23-04-2023,230,129,154,0.56,No,01-04-2023
24-04-2023,202,87,153,0.43,No,01-04-2023
25-04-2023,198,136,212,0.69,No,01-04-2023
26-04-2023,234,150,140,0.64,No,01-04-2023
27-04-2023,107,107,120,1.00,No,01-04-2023
28-04-2023,170,75,185,0.44,No,01-04-2023
29-04-2023,239,227,177,0.95,No,01-04-2023
30-04-2023,251,226,130,0.90,No,01-04-2023
01-05-2023,221,74,133,0.33,No,01-05-2023
02-05-2023,208,173,150,0.83,No,01-05-2023
03-05-2023,109,87,112,0.80,No,01-05-2023
04-05-2023,170,167,99,0.98,No,01-05-2023
05-05-2023,189,64,85,0.34,No,01-05-2023
06-05-2023,213,185,115,0.87,No,01-05-2023
07-05-2023,236,121,99,0.51,No,01-05-2023
08-05-2023,157,146,112,0.93,No,01-05-2023
09-05-2023,252,86,138,0.34,No,01-05-2023
10-05-2023,164,126,102,0.77,No,01-05-2023
11-05-2023,188,91,94,0.48,No,01-05-2023
12-05-2023,243,199,156,0.82,No,01-05-2023
13-05-2023,135,112,206,0.83,No,01-05-2023
14-05-2023,167,78,174,0.47,No,01-05-2023
15-05-2023,260,168,91,0.65,No,01-05-2023
16-05-2023,258,122,212,0.47,No,01-05-2023
17-05-2023,207,131,198,0.63,No,01-05-2023
18-05-2023,157,128,210,0.82,No,01-05-2023
19-05-2023,121,95,84,0.79,No,01-05-2023
20-05-2023,198,162,208,0.82,No,01-05-2023
21-05-2023,116,70,212,0.60,No,01-05-2023
22-05-2023,230,148,197,0.64,No,01-05-2023
23-05-2023,116,113,90,0.97,No,01-05-2023
24-05-2023,241,188,176,0.78,No,01-05-2023
25-05-2023,239,233,116,0.97,No,01-05-2023
26-05-2023,260,250,82,0.96,No,01-05-2023
27-05-2023,100,74,150,0.74,No,01-05-2023
28-05-2023,199,162,153,0.81,No,01-05-2023
29-05-2023,183,164,,0.90,No,01-05-2023
30-05-2023,241,153,189,0.63,No,01-05-2023
31-05-2023,163,161,104,0.99,No,01-05-2023
01-06-2023,237,122,91,0.51,No,01-06-2023
02-06-2023,110,74,105,0.67,No,01-06-2023
03-06-2023,229,60,100,0.26,No,01-06-2023
04-06-2023,241,121,142,0.50,No,01-06-2023
05-06-2023,128,78,194,0.61,No,01-06-2023
06-06-2023,257,249,198,0.97,No,01-06-2023
07-06-2023,120,61,216,0.51,No,01-06-2023
08-06-2023,148,84,112,0.57,No,01-06-2023
09-06-2023,127,91,144,0.72,No,01-06-2023
10-06-2023,180,75,191,0.42,No,01-06-2023
11-06-2023,178,176,147,0.99,No,01-06-2023
12-06-2023,224,204,144,0.91,No,01-06-2023
13-06-2023,206,207,190,1.00,Yes,01-06-2023
14-06-2023,207,90,164,0.43,No,01-06-2023
15-06-2023,213,132,179,0.62,No,01-06-2023
16-06-2023,252,155,140,0.62,No,01-06-2023
17-06-2023,184,162,129,0.88,No,01-06-2023
18-06-2023,178,137,200,0.77,No,01-06-2023
19-06-2023,172,101,196,0.59,No,01-06-2023
20-06-2023,109,67,196,0.61,No,01-06-2023
21-06-2023,215,100,82,0.47,No,01-06-2023
22-06-2023,185,103,100,0.56,No,01-06-2023
23-06-2023,146,91,162,0.62,No,01-06-2023
24-06-2023,234,117,168,0.50,No,01-06-2023
25-06-2023,179,164,158,0.92,No,01-06-2023
26-06-2023,248,188,164,0.76,No,01-06-2023
27-06-2023,207,73,188,0.35,No,01-06-2023
28-06-2023,112,93,,0.83,No,01-06-2023
29-06-2023,219,64,172,0.29,No,01-06-2023
30-06-2023,179,164,80,0.92,No,01-06-2023
01-07-2023,139,62,,0.45,No,01-07-2023
02-07-2023,107,75,80,0.70,No,01-07-2023
03-07-2023,240,117,160,0.49,No,01-07-2023
04-07-2023,260,159,,0.61,No,01-07-2023
05-07-2023,229,129,149,0.56,No,01-07-2023
06-07-2023,142,94,85,0.66,No,01-07-2023
07-07-2023,140,92,111,0.66,No,01-07-2023
08-07-2023,105,95,220,0.90,No,01-07-2023
09-07-2023,219,201,192,0.92,No,01-07-2023
10-07-2023,216,203,93,0.94,No,01-07-2023
11-07-2023,164,97,138,0.59,No,01-07-2023
12-07-2023,243,79,180,0.33,No,01-07-2023
13-07-2023,136,132,143,0.97,No,01-07-2023
14-07-2023,220,211,217,0.96,No,01-07-2023
15-07-2023,157,118,157,0.75,No,01-07-2023
16-07-2023,232,208,84,0.90,No,01-07-2023
17-07-2023,237,110,101,0.46,No,01-07-2023
18-07-2023,143,88,83,0.62,No,01-07-2023
19-07-2023,153,89,220,0.58,No,01-07-2023
20-07-2023,108,61,166,0.56,No,01-07-2023
21-07-2023,187,89,197,0.48,No,01-07-2023
22-07-2023,107,88,100,0.82,No,01-07-2023
23-07-2023,143,95,192,0.66,No,01-07-2023
24-07-2023,194,91,189,0.47,No,01-07-2023
25-07-2023,200,171,152,0.86,No,01-07-2023
26-07-2023,258,76,212,0.29,No,01-07-2023
27-07-2023,145,86,168,0.59,No,01-07-2023
28-07-2023,130,116,197,0.89,No,01-07-2023
29-07-2023,143,102,220,0.71,No,01-07-2023
30-07-2023,176,63,146,0.36,No,01-07-2023
31-07-2023,168,63,104,0.38,No,01-07-2023
01-08-2023,216,203,203,0.94,No,01-08-2023
02-08-2023,222,199,126,0.90,No,01-08-2023
03-08-2023,218,103,162,0.47,No,01-08-2023
04-08-2023,253,156,84,0.62,No,01-08-2023
05-08-2023,208,103,91,0.50,No,01-08-2023
06-08-2023,212,176,162,0.83,No,01-08-2023
07-08-2023,114,60,101,0.53,No,01-08-2023
08-08-2023,145,136,92,0.94,No,01-08-2023
09-08-2023,123,74,211,0.60,No,01-08-2023
10-08-2023,254,187,167,0.74,No,01-08-2023
11-08-2023,132,106,150,0.80,No,01-08-2023
12-08-2023,249,161,201,0.65,No,01-08-2023
13-08-2023,204,139,109,0.68,No,01-08-2023
14-08-2023,101,92,184,0.91,No,01-08-2023
15-08-2023,225,142,200,0.63,No,01-08-2023
16-08-2023,156,68,135,0.44,No,01-08-2023
17-08-2023,136,91,194,0.67,No,01-08-2023
18-08-2023,185,82,81,0.44,No,01-08-2023
19-08-2023,242,183,108,0.76,No,01-08-2023
20-08-2023,105,88,206,0.84,No,01-08-2023
21-08-2023,195,147,162,0.75,No,01-08-2023
22-08-2023,230,158,81,0.69,No,01-08-2023
23-08-2023,251,149,133,0.59,No,01-08-2023
24-08-2023,223,206,,0.92,No,01-08-2023
25-08-2023,210,207,139,0.99,No,01-08-2023
26-08-2023,189,96,130,0.51,No,01-08-2023
27-08-2023,141,92,173,0.65,No,01-08-2023
28-08-2023,168,130,189,0.77,No,01-08-2023
29-08-2023,216,72,88,0.33,No,01-08-2023
30-08-2023,215,121,98,0.56,No,01-08-2023
31-08-2023,223,149,209,0.67,No,01-08-2023
01-09-2023,172,167,85,0.97,No,01-09-2023
02-09-2023,148,122,211,0.82,No,01-09-2023
03-09-2023,177,130,208,0.73,No,01-09-2023
04-09-2023,103,66,168,0.64,No,01-09-2023
05-09-2023,128,97,214,0.76,No,01-09-2023
06-09-2023,255,140,219,0.55,No,01-09-2023
07-09-2023,173,139,197,0.80,No,01-09-2023
08-09-2023,105,65,180,0.62,No,01-09-2023
09-09-2023,198,115,156,0.58,No,01-09-2023
10-09-2023,182,94,137,0.52,No,01-09-2023
11-09-2023,236,165,156,0.70,No,01-09-2023
12-09-2023,219,168,151,0.77,No,01-09-2023
13-09-2023,214,118,152,0.55,No,01-09-2023
14-09-2023,187,119,131,0.64,No,01-09-2023
15-09-2023,175,111,109,0.63,No,01-09-2023
16-09-2023,250,140,182,0.56,No,01-09-2023
17-09-2023,165,65,95,0.39,No,01-09-2023
18-09-2023,241,139,,0.58,No,01-09-2023
19-09-2023,105,75,149,0.71,No,01-09-2023
20-09-2023,229,91,154,0.40,No,01-09-2023
21-09-2023,197,154,139,0.78,No,01-09-2023
22-09-2023,195,189,200,0.97,No,01-09-2023
23-09-2023,225,110,214,0.49,No,01-09-2023
24-09-2023,225,61,124,0.27,No,01-09-2023
25-09-2023,195,110,151,0.56,No,01-09-2023
26-09-2023,143,119,107,0.83,No,01-09-2023
27-09-2023,107,79,142,0.74,No,01-09-2023
28-09-2023,142,121,176,0.85,No,01-09-2023
29-09-2023,146,69,118,0.47,No,01-09-2023
30-09-2023,150,109,122,0.73,No,01-09-2023
01-10-2023,148,83,99,0.56,No,01-10-2023
02-10-2023,203,110,,0.54,No,01-10-2023
03-10-2023,250,165,208,0.66,No,01-10-2023
04-10-2023,219,107,128,0.49,No,01-10-2023
05-10-2023,146,134,219,0.92,No,01-10-2023
06-10-2023,100,88,131,0.88,No,01-10-2023
07-10-2023,125,121,80,0.97,No,01-10-2023
08-10-2023,248,146,166,0.59,No,01-10-2023
09-10-2023,168,96,188,0.57,No,01-10-2023
10-10-2023,220,97,122,0.44,No,01-10-2023
11-10-2023,257,233,92,0.91,No,01-10-2023
12-10-2023,153,104,211,0.68,No,01-10-2023
13-10-2023,237,82,186,0.35,No,01-10-2023
14-10-2023,213,148,154,0.69,No,01-10-2023
15-10-2023,111,127,162,1.14,Yes,01-10-2023
16-10-2023,149,97,178,0.65,No,01-10-2023
17-10-2023,164,93,154,0.57,No,01-10-2023
18-10-2023,253,98,183,0.39,No,01-10-2023
19-10-2023,211,123,133,0.58,No,01-10-2023
20-10-2023,168,83,168,0.49,No,01-10-2023
21-10-2023,203,102,84,0.50,No,01-10-2023
22-10-2023,216,145,176,0.67,No,01-10-2023
23-10-2023,247,189,124,0.77,No,01-10-2023
24-10-2023,260,189,94,0.73,No,01-10-2023
25-10-2023,255,99,168,0.39,No,01-10-2023
26-10-2023,212,109,160,0.51,No,01-10-2023
27-10-2023,175,94,90,0.54,No,01-10-2023
28-10-2023,109,66,120,0.61,No,01-10-2023
29-10-2023,214,178,149,0.83,No,01-10-2023
30-10-2023,233,221,169,0.95,No,01-10-2023
31-10-2023,179,76,138,0.42,No,01-10-2023
01-11-2023,204,168,177,0.82,No,01-11-2023
02-11-2023,124,103,102,0.83,No,01-11-2023
03-11-2023,168,92,191,0.55,No,01-11-2023
04-11-2023,251,133,214,0.53,No,01-11-2023
05-11-2023,138,71,103,0.51,No,01-11-2023
06-11-2023,223,162,218,0.73,No,01-11-2023
07-11-2023,239,231,210,0.97,No,01-11-2023
08-11-2023,122,100,182,0.82,No,01-11-2023
09-11-2023,248,246,157,0.99,No,01-11-2023
10-11-2023,115,76,178,0.66,No,01-11-2023
11-11-2023,209,85,190,0.41,No,01-11-2023
12-11-2023,146,90,132,0.62,No,01-11-2023
13-11-2023,152,143,103,0.94,No,01-11-2023
14-11-2023,199,137,208,0.69,No,01-11-2023
15-11-2023,198,109,132,0.55,No,01-11-2023
16-11-2023,181,121,219,0.67,No,01-11-2023
17-11-2023,256,223,120,0.87,No,01-11-2023
18-11-2023,213,165,94,0.77,No,01-11-2023
19-11-2023,178,152,84,0.85,No,01-11-2023
20-11-2023,178,167,100,0.94,No,01-11-2023
21-11-2023,200,174,120,0.87,No,01-11-2023
22-11-2023,136,96,210,0.71,No,01-11-2023
23-11-2023,197,123,130,0.62,No,01-11-2023
24-11-2023,220,94,157,0.43,No,01-11-2023
25-11-2023,241,204,109,0.85,No,01-11-2023
26-11-2023,218,162,106,0.74,No,01-11-2023
27-11-2023,116,101,91,0.87,No,01-11-2023
28-11-2023,157,97,111,0.62,No,01-11-2023
29-11-2023,152,128,136,0.84,No,01-11-2023
30-11-2023,232,228,217,0.98,No,01-11-2023
01-12-2023,109,97,115,0.89,No,01-12-2023
02-12-2023,128,98,90,0.77,No,01-12-2023
03-12-2023,238,198,149,0.83,No,01-12-2023
04-12-2023,101,67,126,0.66,No,01-12-2023
05-12-2023,149,122,129,0.82,No,01-12-2023
06-12-2023,125,107,211,0.86,No,01-12-2023
07-12-2023,171,105,201,0.61,No,01-12-2023
08-12-2023,205,129,99,0.63,No,01-12-2023
09-12-2023,220,92,142,0.42,No,01-12-2023
10-12-2023,137,105,135,0.77,No,01-12-2023
11-12-2023,163,105,143,0.64,No,01-12-2023
12-12-2023,126,94,130,0.75,No,01-12-2023
13-12-2023,187,121,171,0.65,No,01-12-2023
14-12-2023,104,87,209,0.84,No,01-12-2023
15-12-2023,249,63,154,0.25,No,01-12-2023
16-12-2023,142,62,129,0.44,No,01-12-2023
17-12-2023,161,151,109,0.94,No,01-12-2023
18-12-2023,122,104,106,0.85,No,01-12-2023
19-12-2023,179,130,202,0.73,No,01-12-2023
20-12-2023,150,118,168,0.79,No,01-12-2023
21-12-2023,232,124,175,0.53,No,01-12-2023
22-12-2023,138,118,152,0.86,No,01-12-2023
23-12-2023,182,117,105,0.64,No,01-12-2023
24-12-2023,241,87,200,0.36,No,01-12-2023
25-12-2023,164,94,197,0.57,No,01-12-2023
26-12-2023,149,128,,0.86,No,01-12-2023
27-12-2023,205,197,171,0.96,No,01-12-2023
28-12-2023,110,98,156,0.89,No,01-12-2023
29-12-2023,243,217,188,0.89,No,01-12-2023
30-12-2023,117,100,175,0.85,No,01-12-2023
31-12-2023,167,143,200,0.86,No,01-12-2023
01-01-2024,112,85,140,0.76,No,01-01-2024
02-01-2024,240,201,144,0.84,No,01-01-2024
03-01-2024,136,98,,0.72,No,01-01-2024
04-01-2024,222,100,182,0.45,No,01-01-2024
05-01-2024,170,114,200,0.67,No,01-01-2024
06-01-2024,247,161,159,0.65,No,01-01-2024
07-01-2024,144,78,178,0.54,No,01-01-2024
08-01-2024,161,142,132,0.88,No,01-01-2024
09-01-2024,201,110,159,0.55,No,01-01-2024
10-01-2024,156,78,112,0.50,No,01-01-2024
11-01-2024,113,94,177,0.83,No,01-01-2024
12-01-2024,258,61,,0.24,No,01-01-2024
13-01-2024,218,171,204,0.78,No,01-01-2024
14-01-2024,187,184,124,0.98,No,01-01-2024
15-01-2024,163,70,142,0.43,No,01-01-2024
16-01-2024,108,91,144,0.84,No,01-01-2024
17-01-2024,238,211,144,0.89,No,01-01-2024
18-01-2024,132,61,125,0.46,No,01-01-2024
19-01-2024,207,158,127,0.76,No,01-01-2024
20-01-2024,158,72,125,0.46,No,01-01-2024
21-01-2024,170,163,102,0.96,No,01-01-2024
22-01-2024,198,82,176,0.41,No,01-01-2024
23-01-2024,254,123,155,0.48,No,01-01-2024
24-01-2024,232,204,140,0.88,No,01-01-2024
25-01-2024,166,159,,0.96,No,01-01-2024
26-01-2024,239,108,87,0.45,No,01-01-2024
27-01-2024,253,94,193,0.37,No,01-01-2024
28-01-2024,193,185,128,0.96,No,01-01-2024
29-01-2024,247,201,220,0.81,No,01-01-2024
30-01-2024,260,100,134,0.38,No,01-01-2024
31-01-2024,219,68,104,0.31,No,01-01-2024
01-02-2024,194,137,167,0.71,No,01-02-2024
02-02-2024,208,149,193,0.72,No,01-02-2024
03-02-2024,216,231,100,1.07,Yes,01-02-2024
04-02-2024,114,88,131,0.77,No,01-02-2024
05-02-2024,218,70,205,0.32,No,01-02-2024
06-02-2024,145,111,205,0.77,No,01-02-2024
07-02-2024,168,83,203,0.49,No,01-02-2024
08-02-2024,200,64,150,0.32,No,01-02-2024
09-02-2024,116,69,169,0.59,No,01-02-2024
10-02-2024,239,138,170,0.58,No,01-02-2024
11-02-2024,236,186,102,0.79,No,01-02-2024
12-02-2024,252,109,98,0.43,No,01-02-2024
13-02-2024,231,169,209,0.73,No,01-02-2024
14-02-2024,168,171,135,1.02,Yes,01-02-2024
15-02-2024,173,116,186,0.67,No,01-02-2024
16-02-2024,115,80,202,0.70,No,01-02-2024
17-02-2024,206,61,155,0.30,No,01-02-2024
18-02-2024,167,133,148,0.80,No,01-02-2024
19-02-2024,214,117,124,0.55,No,01-02-2024
20-02-2024,133,119,130,0.89,No,01-02-2024
21-02-2024,209,176,174,0.84,No,01-02-2024
22-02-2024,187,170,191,0.91,No,01-02-2024
23-02-2024,166,140,135,0.84,No,01-02-2024
24-02-2024,173,79,107,0.46,No,01-02-2024
25-02-2024,225,150,,0.67,No,01-02-2024
26-02-2024,237,143,,0.60,No,01-02-2024
27-02-2024,228,172,210,0.75,No,01-02-2024
28-02-2024,192,98,102,0.51,No,01-02-2024
29-02-2024,204,91,99,0.45,No,01-02-2024
01-03-2024,126,102,219,0.81,No,01-03-2024
02-03-2024,258,161,183,0.62,No,01-03-2024
03-03-2024,201,127,135,0.63,No,01-03-2024
04-03-2024,150,147,155,0.98,No,01-03-2024
05-03-2024,234,216,153,0.92,No,01-03-2024
06-03-2024,118,78,168,0.66,No,01-03-2024
07-03-2024,148,76,174,0.51,No,01-03-2024
08-03-2024,156,141,158,0.90,No,01-03-2024
09-03-2024,156,141,174,0.90,No,01-03-2024
10-03-2024,183,174,87,0.95,No,01-03-2024
11-03-2024,153,148,158,0.97,No,01-03-2024
12-03-2024,219,174,199,0.79,No,01-03-2024
13-03-2024,194,82,100,0.42,No,01-03-2024
14-03-2024,161,85,124,0.53,No,01-03-2024
15-03-2024,205,76,209,0.37,No,01-03-2024
16-03-2024,229,207,202,0.90,No,01-03-2024
17-03-2024,101,95,85,0.94,No,01-03-2024
18-03-2024,227,74,103,0.33,No,01-03-2024
19-03-2024,245,183,93,0.75,No,01-03-2024
20-03-2024,198,189,124,0.95,No,01-03-2024
21-03-2024,210,201,115,0.96,No,01-03-2024
22-03-2024,221,111,172,0.50,No,01-03-2024
23-03-2024,126,79,140,0.63,No,01-03-2024
24-03-2024,113,86,194,0.76,No,01-03-2024
25-03-2024,117,72,165,0.62,No,01-03-2024
26-03-2024,192,128,163,0.67,No,01-03-2024
27-03-2024,122,98,165,0.80,No,01-03-2024
28-03-2024,123,115,93,0.93,No,01-03-2024
29-03-2024,170,78,126,0.46,No,01-03-2024
30-03-2024,233,86,210,0.37,No,01-03-2024
31-03-2024,211,83,174,0.39,No,01-03-2024
01-04-2024,180,76,120,0.42,No,01-04-2024
02-04-2024,153,60,84,0.39,No,01-04-2024
03-04-2024,146,129,207,0.88,No,01-04-2024
04-04-2024,114,112,88,0.98,No,01-04-2024
05-04-2024,175,165,157,0.94,No,01-04-2024
06-04-2024,183,84,104,0.46,No,01-04-2024
07-04-2024,171,142,219,0.83,No,01-04-2024
08-04-2024,257,143,126,0.56,No,01-04-2024
09-04-2024,214,177,137,0.83,No,01-04-2024
10-04-2024,120,102,110,0.85,No,01-04-2024
11-04-2024,129,61,122,0.47,No,01-04-2024
12-04-2024,244,70,128,0.29,No,01-04-2024
13-04-2024,245,169,205,0.69,No,01-04-2024
14-04-2024,107,95,199,0.89,No,01-04-2024
15-04-2024,145,139,152,0.96,No,01-04-2024
16-04-2024,196,142,115,0.72,No,01-04-2024
17-04-2024,245,80,156,0.33,No,01-04-2024
18-04-2024,194,134,162,0.69,No,01-04-2024
19-04-2024,158,139,157,0.88,No,01-04-2024
20-04-2024,182,145,107,0.80,No,01-04-2024
21-04-2024,234,224,178,0.96,No,01-04-2024
22-04-2024,158,138,109,0.87,No,01-04-2024
23-04-2024,248,113,122,0.46,No,01-04-2024
24-04-2024,216,136,130,0.63,No,01-04-2024
25-04-2024,247,218,125,0.88,No,01-04-2024
26-04-2024,138,130,,0.94,No,01-04-2024
27-04-2024,170,97,167,0.57,No,01-04-2024
28-04-2024,157,100,95,0.64,No,01-04-2024
29-04-2024,253,92,188,0.36,No,01-04-2024
30-04-2024,169,69,186,0.41,No,01-04-2024
01-05-2024,180,163,101,0.91,No,01-05-2024
02-05-2024,200,101,180,0.51,No,01-05-2024
03-05-2024,127,85,120,0.67,No,01-05-2024
04-05-2024,236,213,129,0.90,No,01-05-2024
05-05-2024,206,200,146,0.97,No,01-05-2024
06-05-2024,108,88,126,0.81,No,01-05-2024
07-05-2024,250,99,162,0.40,No,01-05-2024
08-05-2024,199,179,92,0.90,No,01-05-2024
09-05-2024,178,95,214,0.53,No,01-05-2024
10-05-2024,194,170,105,0.88,No,01-05-2024
11-05-2024,191,107,166,0.56,No,01-05-2024
12-05-2024,253,139,91,0.55,No,01-05-2024
13-05-2024,195,112,154,0.57,No,01-05-2024
14-05-2024,101,66,101,0.65,No,01-05-2024
15-05-2024,173,89,102,0.51,No,01-05-2024
16-05-2024,217,138,203,0.64,No,01-05-2024
17-05-2024,249,169,133,0.68,No,01-05-2024
18-05-2024,208,132,196,0.63,No,01-05-2024
19-05-2024,201,112,113,0.56,No,01-05-2024
20-05-2024,227,216,107,0.95,No,01-05-2024
21-05-2024,188,136,199,0.72,No,01-05-2024
22-05-2024,157,81,131,0.52,No,01-05-2024
23-05-2024,177,135,93,0.76,No,01-05-2024
24-05-2024,197,165,,0.84,No,01-05-2024
25-05-2024,173,95,210,0.55,No,01-05-2024
26-05-2024,124,104,168,0.84,No,01-05-2024
27-05-2024,173,98,115,0.57,No,01-05-2024
28-05-2024,241,123,110,0.51,No,01-05-2024
29-05-2024,112,103,215,0.92,No,01-05-2024
30-05-2024,223,126,144,0.57,No,01-05-2024
31-05-2024,258,189,204,0.73,No,01-05-2024
01-06-2024,139,132,173,0.95,No,01-06-2024
02-06-2024,155,63,195,0.41,No,01-06-2024
03-06-2024,140,140,101,1.00,No,01-06-2024
04-06-2024,256,226,168,0.88,No,01-06-2024
05-06-2024,169,151,214,0.89,No,01-06-2024
06-06-2024,153,80,208,0.52,No,01-06-2024
07-06-2024,254,200,130,0.79,No,01-06-2024
08-06-2024,164,69,217,0.42,No,01-06-2024
09-06-2024,200,130,198,0.65,No,01-06-2024
10-06-2024,109,72,153,0.66,No,01-06-2024
11-06-2024,125,106,143,0.85,No,01-06-2024
12-06-2024,258,173,177,0.67,No,01-06-2024
13-06-2024,230,190,211,0.83,No,01-06-2024
14-06-2024,192,85,133,0.44,No,01-06-2024
15-06-2024,186,109,207,0.59,No,01-06-2024
16-06-2024,179,148,194,0.83,No,01-06-2024
17-06-2024,147,145,205,0.99,No,01-06-2024
18-06-2024,150,105,118,0.70,No,01-06-2024
19-06-2024,238,97,150,0.41,No,01-06-2024
20-06-2024,252,252,107,1.00,No,01-06-2024
21-06-2024,242,111,147,0.46,No,01-06-2024
22-06-2024,210,139,85,0.66,No,01-06-2024
23-06-2024,148,95,116,0.64,No,01-06-2024
24-06-2024,199,186,128,0.93,No,01-06-2024
25-06-2024,218,87,197,0.40,No,01-06-2024
26-06-2024,238,225,195,0.95,No,01-06-2024
27-06-2024,184,96,149,0.52,No,01-06-2024
28-06-2024,210,91,98,0.43,No,01-06-2024
29-06-2024,177,134,122,0.76,No,01-06-2024
30-06-2024,105,81,155,0.77,No,01-06-2024
01-07-2024,103,83,118,0.81,No,01-07-2024
02-07-2024,153,143,206,0.93,No,01-07-2024
03-07-2024,190,129,196,0.68,No,01-07-2024
04-07-2024,136,107,219,0.79,No,01-07-2024
05-07-2024,142,94,135,0.66,No,01-07-2024
06-07-2024,122,74,155,0.61,No,01-07-2024
07-07-2024,123,64,174,0.52,No,01-07-2024
08-07-2024,194,89,174,0.46,No,01-07-2024
09-07-2024,151,133,139,0.88,No,01-07-2024
10-07-2024,120,63,132,0.53,No,01-07-2024
11-07-2024,176,127,85,0.72,No,01-07-2024
12-07-2024,192,140,88,0.73,No,01-07-2024
13-07-2024,220,182,205,0.83,No,01-07-2024
14-07-2024,170,77,159,0.45,No,01-07-2024
15-07-2024,241,120,98,0.50,No,01-07-2024
16-07-2024,104,65,162,0.63,No,01-07-2024
17-07-2024,140,133,109,0.95,No,01-07-2024
18-07-2024,256,203,150,0.79,No,01-07-2024
19-07-2024,258,210,193,0.81,No,01-07-2024
20-07-2024,177,177,115,1.00,No,01-07-2024
21-07-2024,131,104,149,0.79,No,01-07-2024
22-07-2024,243,119,204,0.49,No,01-07-2024
23-07-2024,213,106,118,0.50,No,01-07-2024
24-07-2024,123,93,187,0.76,No,01-07-2024
25-07-2024,112,108,94,0.96,No,01-07-2024
26-07-2024,250,73,147,0.29,No,01-07-2024
27-07-2024,148,108,137,0.73,No,01-07-2024
28-07-2024,171,88,82,0.51,No,01-07-2024
29-07-2024,145,110,156,0.76,No,01-07-2024
30-07-2024,245,63,200,0.26,No,01-07-2024
31-07-2024,187,63,149,0.34,No,01-07-2024
01-08-2024,242,125,219,0.52,No,01-08-2024
02-08-2024,230,136,168,0.59,No,01-08-2024
03-08-2024,183,122,194,0.67,No,01-08-2024
04-08-2024,180,107,154,0.59,No,01-08-2024
05-08-2024,207,158,190,0.76,No,01-08-2024
06-08-2024,232,78,133,0.34,No,01-08-2024
07-08-2024,242,155,,0.64,No,01-08-2024
08-08-2024,259,133,160,0.51,No,01-08-2024
09-08-2024,252,81,172,0.32,No,01-08-2024
10-08-2024,106,94,97,0.89,No,01-08-2024
11-08-2024,185,112,,0.61,No,01-08-2024
12-08-2024,175,135,198,0.77,No,01-08-2024
13-08-2024,245,112,172,0.46,No,01-08-2024
14-08-2024,242,201,105,0.83,No,01-08-2024
15-08-2024,239,114,186,0.48,No,01-08-2024
16-08-2024,169,112,139,0.66,No,01-08-2024
17-08-2024,136,84,203,0.62,No,01-08-2024
18-08-2024,248,179,87,0.72,No,01-08-2024
19-08-2024,231,174,208,0.75,No,01-08-2024
20-08-2024,161,98,135,0.61,No,01-08-2024
21-08-2024,104,74,158,0.71,No,01-08-2024
22-08-2024,147,135,187,0.92,No,01-08-2024
23-08-2024,122,108,105,0.89,No,01-08-2024
24-08-2024,254,192,164,0.76,No,01-08-2024
25-08-2024,140,118,169,0.84,No,01-08-2024
26-08-2024,191,79,81,0.41,No,01-08-2024
27-08-2024,147,65,204,0.44,No,01-08-2024
28-08-2024,163,125,,0.77,No,01-08-2024
29-08-2024,101,94,204,0.93,No,01-08-2024
30-08-2024,246,112,202,0.46,No,01-08-2024
31-08-2024,241,80,84,0.33,No,01-08-2024
01-09-2024,219,165,93,0.75,No,01-09-2024
02-09-2024,121,99,159,0.82,No,01-09-2024
03-09-2024,153,110,176,0.72,No,01-09-2024
04-09-2024,212,200,180,0.94,No,01-09-2024
05-09-2024,194,165,144,0.85,No,01-09-2024
06-09-2024,147,93,203,0.63,No,01-09-2024
07-09-2024,133,68,115,0.51,No,01-09-2024
08-09-2024,207,193,156,0.93,No,01-09-2024
09-09-2024,102,101,215,0.99,No,01-09-2024
10-09-2024,192,67,98,0.35,No,01-09-2024
11-09-2024,105,89,123,0.85,No,01-09-2024
12-09-2024,254,136,170,0.54,No,01-09-2024
13-09-2024,193,188,177,0.97,No,01-09-2024
14-09-2024,255,236,169,0.93,No,01-09-2024
15-09-2024,139,106,203,0.76,No,01-09-2024
16-09-2024,260,143,99,0.55,No,01-09-2024
17-09-2024,154,84,92,0.55,No,01-09-2024
18-09-2024,108,69,166,0.64,No,01-09-2024
19-09-2024,181,144,148,0.80,No,01-09-2024
20-09-2024,197,151,152,0.77,No,01-09-2024
21-09-2024,143,96,,0.67,No,01-09-2024
22-09-2024,148,105,181,0.71,No,01-09-2024
23-09-2024,222,205,201,0.92,No,01-09-2024
24-09-2024,176,169,120,0.96,No,01-09-2024
25-09-2024,243,123,98,0.51,No,01-09-2024
26-09-2024,225,60,137,0.27,No,01-09-2024
27-09-2024,184,92,104,0.50,No,01-09-2024
28-09-2024,244,221,192,0.91,No,01-09-2024
29-09-2024,108,101,132,0.94,No,01-09-2024
30-09-2024,155,69,102,0.45,No,01-09-2024
01-10-2024,173,108,119,0.62,No,01-10-2024
02-10-2024,196,89,199,0.45,No,01-10-2024
03-10-2024,152,64,81,0.42,No,01-10-2024
04-10-2024,118,114,167,0.97,No,01-10-2024
05-10-2024,102,77,215,0.75,No,01-10-2024
06-10-2024,232,73,127,0.31,No,01-10-2024
07-10-2024,155,91,175,0.59,No,01-10-2024
08-10-2024,129,124,126,0.96,No,01-10-2024
09-10-2024,176,107,199,0.61,No,01-10-2024
10-10-2024,153,116,138,0.76,No,01-10-2024
11-10-2024,134,96,105,0.72,No,01-10-2024
12-10-2024,121,87,89,0.72,No,01-10-2024
13-10-2024,208,152,167,0.73,No,01-10-2024
14-10-2024,181,155,123,0.86,No,01-10-2024
15-10-2024,175,171,132,0.98,No,01-10-2024
16-10-2024,169,70,184,0.41,No,01-10-2024
17-10-2024,208,69,113,0.33,No,01-10-2024
18-10-2024,207,138,196,0.67,No,01-10-2024
19-10-2024,216,72,125,0.33,No,01-10-2024
20-10-2024,179,153,150,0.85,No,01-10-2024
21-10-2024,208,67,208,0.32,No,01-10-2024
22-10-2024,146,135,115,0.92,No,01-10-2024
23-10-2024,227,213,167,0.94,No,01-10-2024
24-10-2024,190,78,209,0.41,No,01-10-2024
25-10-2024,100,70,93,0.70,No,01-10-2024
26-10-2024,247,207,149,0.84,No,01-10-2024
27-10-2024,189,135,142,0.71,No,01-10-2024
28-10-2024,132,114,,0.86,No,01-10-2024
29-10-2024,101,81,92,0.80,No,01-10-2024
30-10-2024,102,98,160,0.96,No,01-10-2024
31-10-2024,194,148,191,0.76,No,01-10-2024
01-11-2024,196,170,120,0.87,No,01-11-2024
02-11-2024,210,198,172,0.94,No,01-11-2024
03-11-2024,204,122,158,0.60,No,01-11-2024
04-11-2024,221,132,120,0.60,No,01-11-2024
05-11-2024,256,132,,0.52,No,01-11-2024
06-11-2024,193,171,138,0.89,No,01-11-2024
07-11-2024,166,69,149,0.42,No,01-11-2024
08-11-2024,150,64,211,0.43,No,01-11-2024
09-11-2024,122,80,181,0.66,No,01-11-2024
10-11-2024,173,143,213,0.83,No,01-11-2024
11-11-2024,228,144,182,0.63,No,01-11-2024
12-11-2024,200,111,103,0.56,No,01-11-2024
13-11-2024,179,106,157,0.59,No,01-11-2024
14-11-2024,155,147,92,0.95,No,01-11-2024
15-11-2024,133,107,110,0.80,No,01-11-2024
16-11-2024,250,71,152,0.28,No,01-11-2024
17-11-2024,181,131,152,0.72,No,01-11-2024
18-11-2024,154,113,107,0.73,No,01-11-2024
19-11-2024,113,69,96,0.61,No,01-11-2024
20-11-2024,132,93,132,0.70,No,01-11-2024
21-11-2024,147,107,214,0.73,No,01-11-2024
22-11-2024,163,110,,0.67,No,01-11-2024
23-11-2024,222,215,153,0.97,No,01-11-2024
24-11-2024,138,95,150,0.69,No,01-11-2024
25-11-2024,199,136,206,0.68,No,01-11-2024
26-11-2024,186,67,206,0.36,No,01-11-2024
27-11-2024,210,115,99,0.55,No,01-11-2024
28-11-2024,164,146,126,0.89,No,01-11-2024
29-11-2024,251,94,199,0.37,No,01-11-2024
30-11-2024,119,86,100,0.72,No,01-11-2024
01-12-2024,211,110,80,0.52,No,01-12-2024
02-12-2024,227,104,137,0.46,No,01-12-2024
03-12-2024,170,104,184,0.61,No,01-12-2024
04-12-2024,182,210,190,1.15,Yes,01-12-2024
05-12-2024,222,79,183,0.36,No,01-12-2024
06-12-2024,121,82,92,0.68,No,01-12-2024
07-12-2024,131,71,112,0.54,No,01-12-2024
08-12-2024,101,97,207,0.96,No,01-12-2024
09-12-2024,209,176,202,0.84,No,01-12-2024
10-12-2024,183,82,165,0.45,No,01-12-2024
11-12-2024,170,128,81,0.75,No,01-12-2024
12-12-2024,212,68,206,0.32,No,01-12-2024
13-12-2024,207,95,124,0.46,No,01-12-2024
14-12-2024,123,85,144,0.69,No,01-12-2024
15-12-2024,118,66,148,0.56,No,01-12-2024
16-12-2024,244,237,97,0.97,No,01-12-2024
17-12-2024,148,126,183,0.85,No,01-12-2024
18-12-2024,231,116,189,0.50,No,01-12-2024
19-12-2024,202,154,158,0.76,No,01-12-2024
20-12-2024,221,216,187,0.98,No,01-12-2024
21-12-2024,260,213,188,0.82,No,01-12-2024
22-12-2024,158,126,103,0.80,No,01-12-2024
23-12-2024,157,145,132,0.92,No,01-12-2024
24-12-2024,200,120,206,0.60,No,01-12-2024
25-12-2024,166,124,194,0.75,No,01-12-2024
26-12-2024,247,157,93,0.64,No,01-12-2024
27-12-2024,109,102,182,0.94,No,01-12-2024
28-12-2024,160,154,178,0.96,No,01-12-2024
29-12-2024,164,152,140,0.93,No,01-12-2024
30-12-2024,202,181,204,0.90,No,01-12-2024
31-12-2024,215,175,96,0.81,No,01-12-2024
01-01-2025,173,79,208,0.46,No,01-01-2025
02-01-2025,182,89,129,0.49,No,01-01-2025
03-01-2025,239,114,119,0.48,No,01-01-2025
04-01-2025,102,67,196,0.66,No,01-01-2025
05-01-2025,256,166,139,0.65,No,01-01-2025
06-01-2025,239,203,217,0.85,No,01-01-2025
07-01-2025,118,75,213,0.64,No,01-01-2025
08-01-2025,213,102,161,0.48,No,01-01-2025
09-01-2025,112,108,113,0.96,No,01-01-2025
10-01-2025,173,99,122,0.57,No,01-01-2025
11-01-2025,137,121,218,0.88,No,01-01-2025
12-01-2025,245,211,157,0.86,No,01-01-2025
13-01-2025,129,61,163,0.47,No,01-01-2025
14-01-2025,212,97,137,0.46,No,01-01-2025
15-01-2025,206,64,183,0.31,No,01-01-2025
16-01-2025,148,74,216,0.50,No,01-01-2025
17-01-2025,118,79,185,0.67,No,01-01-2025
18-01-2025,163,112,209,0.69,No,01-01-2025
19-01-2025,104,85,143,0.82,No,01-01-2025
20-01-2025,102,95,80,0.93,No,01-01-2025
21-01-2025,124,122,171,0.98,No,01-01-2025
22-01-2025,254,200,113,0.79,No,01-01-2025
23-01-2025,184,146,164,0.79,No,01-01-2025
24-01-2025,190,88,146,0.46,No,01-01-2025
25-01-2025,259,228,214,0.88,No,01-01-2025
26-01-2025,180,158,212,0.88,No,01-01-2025
27-01-2025,146,131,119,0.90,No,01-01-2025
28-01-2025,222,101,126,0.45,No,01-01-2025
29-01-2025,167,101,175,0.60,No,01-01-2025
30-01-2025,100,74,133,0.74,No,01-01-2025
31-01-2025,237,135,177,0.57,No,01-01-2025
01-02-2025,130,102,80,0.78,No,01-02-2025
02-02-2025,225,168,218,0.75,No,01-02-2025
03-02-2025,176,126,158,0.72,No,01-02-2025
04-02-2025,125,67,80,0.54,No,01-02-2025
05-02-2025,134,115,137,0.86,No,01-02-2025
06-02-2025,188,222,196,1.18,Yes,01-02-2025
07-02-2025,124,124,,1.00,No,01-02-2025
08-02-2025,202,117,81,0.58,No,01-02-2025
09-02-2025,127,68,206,0.54,No,01-02-2025
10-02-2025,113,68,214,0.60,No,01-02-2025
11-02-2025,247,99,189,0.40,No,01-02-2025
12-02-2025,170,130,184,0.76,No,01-02-2025
13-02-2025,228,190,112,0.83,No,01-02-2025
14-02-2025,124,118,100,0.95,No,01-02-2025
15-02-2025,169,169,129,1.00,No,01-02-2025
16-02-2025,157,88,81,0.56,No,01-02-2025
17-02-2025,215,168,129,0.78,No,01-02-2025
18-02-2025,167,60,184,0.36,No,01-02-2025
19-02-2025,181,88,,0.49,No,01-02-2025
20-02-2025,128,106,106,0.83,No,01-02-2025
21-02-2025,207,90,100,0.43,No,01-02-2025
22-02-2025,177,156,113,0.88,No,01-02-2025
23-02-2025,105,102,161,0.97,No,01-02-2025
24-02-2025,117,99,165,0.85,No,01-02-2025
25-02-2025,175,154,191,0.88,No,01-02-2025
26-02-2025,148,93,159,0.63,No,01-02-2025
27-02-2025,252,116,,0.46,No,01-02-2025
28-02-2025,238,168,208,0.71,No,01-02-2025
01-03-2025,240,64,139,0.27,No,01-03-2025
02-03-2025,113,94,174,0.83,No,01-03-2025
03-03-2025,110,88,103,0.80,No,01-03-2025
04-03-2025,148,65,92,0.44,No,01-03-2025
05-03-2025,111,90,212,0.81,No,01-03-2025
06-03-2025,233,98,130,0.42,No,01-03-2025
07-03-2025,128,69,197,0.54,No,01-03-2025
08-03-2025,130,112,140,0.86,No,01-03-2025
09-03-2025,217,200,210,0.92,No,01-03-2025
10-03-2025,125,62,86,0.50,No,01-03-2025
11-03-2025,153,112,,0.73,No,01-03-2025
12-03-2025,125,124,,0.99,No,01-03-2025
13-03-2025,157,79,179,0.50,No,01-03-2025
14-03-2025,145,72,113,0.50,No,01-03-2025
15-03-2025,233,136,123,0.58,No,01-03-2025
16-03-2025,178,156,174,0.88,No,01-03-2025
17-03-2025,111,102,203,0.92,No,01-03-2025
18-03-2025,183,175,215,0.96,No,01-03-2025
19-03-2025,213,157,121,0.74,No,01-03-2025
20-03-2025,182,68,207,0.37,No,01-03-2025
21-03-2025,134,114,209,0.85,No,01-03-2025
22-03-2025,147,70,99,0.48,No,01-03-2025
23-03-2025,184,173,115,0.94,No,01-03-2025
24-03-2025,244,235,130,0.96,No,01-03-2025
25-03-2025,256,185,188,0.72,No,01-03-2025
26-03-2025,118,110,149,0.93,No,01-03-2025
27-03-2025,201,189,140,0.94,No,01-03-2025
28-03-2025,186,73,135,0.39,No,01-03-2025
29-03-2025,177,132,206,0.75,No,01-03-2025
30-03-2025,212,168,93,0.79,No,01-03-2025
31-03-2025,154,143,125,0.93,No,01-03-2025
01-04-2025,190,181,84,0.95,No,01-04-2025
02-04-2025,184,167,88,0.91,No,01-04-2025
03-04-2025,174,111,165,0.64,No,01-04-2025
04-04-2025,205,82,178,0.40,No,01-04-2025
05-04-2025,233,180,147,0.77,No,01-04-2025
06-04-2025,115,108,144,0.94,No,01-04-2025
07-04-2025,259,252,200,0.97,No,01-04-2025
08-04-2025,214,68,135,0.32,No,01-04-2025
09-04-2025,178,112,119,0.63,No,01-04-2025
10-04-2025,184,78,84,0.42,No,01-04-2025
11-04-2025,223,103,185,0.46,No,01-04-2025
12-04-2025,253,233,103,0.92,No,01-04-2025
13-04-2025,129,105,122,0.81,No,01-04-2025
14-04-2025,218,177,93,0.81,No,01-04-2025
15-04-2025,234,93,160,0.40,No,01-04-2025
16-04-2025,148,79,212,0.53,No,01-04-2025
17-04-2025,126,99,114,0.79,No,01-04-2025
18-04-2025,158,118,174,0.75,No,01-04-2025
19-04-2025,147,114,174,0.78,No,01-04-2025
20-04-2025,102,69,212,0.68,No,01-04-2025
21-04-2025,244,98,161,0.40,No,01-04-2025
22-04-2025,211,69,213,0.33,No,01-04-2025
23-04-2025,164,72,122,0.44,No,01-04-2025
24-04-2025,148,131,81,0.89,No,01-04-2025
25-04-2025,182,157,170,0.86,No,01-04-2025
26-04-2025,185,71,201,0.38,No,01-04-2025
27-04-2025,123,103,136,0.84,No,01-04-2025
28-04-2025,129,114,97,0.88,No,01-04-2025
29-04-2025,186,165,109,0.89,No,01-04-2025
30-04-2025,205,74,200,0.36,No,01-04-2025
01-05-2025,220,101,167,0.46,No,01-05-2025
02-05-2025,250,198,206,0.79,No,01-05-2025
03-05-2025,241,224,90,0.93,No,01-05-2025
04-05-2025,229,85,175,0.37,No,01-05-2025
05-05-2025,195,68,183,0.35,No,01-05-2025
06-05-2025,224,136,172,0.61,No,01-05-2025
07-05-2025,231,155,157,0.67,No,01-05-2025
08-05-2025,132,116,81,0.88,No,01-05-2025
09-05-2025,121,104,130,0.86,No,01-05-2025
10-05-2025,155,146,158,0.94,No,01-05-2025
11-05-2025,191,161,212,0.84,No,01-05-2025
12-05-2025,174,130,220,0.75,No,01-05-2025
13-05-2025,126,106,194,0.84,No,01-05-2025
14-05-2025,104,73,165,0.70,No,01-05-2025
15-05-2025,167,136,152,0.81,No,01-05-2025
16-05-2025,194,130,84,0.67,No,01-05-2025
17-05-2025,227,157,150,0.69,No,01-05-2025
18-05-2025,120,102,207,0.85,No,01-05-2025
19-05-2025,187,138,215,0.74,No,01-05-2025
20-05-2025,159,63,193,0.40,No,01-05-2025
21-05-2025,150,62,167,0.41,No,01-05-2025
22-05-2025,254,66,146,0.26,No,01-05-2025
23-05-2025,114,110,147,0.96,No,01-05-2025
24-05-2025,178,115,104,0.65,No,01-05-2025
25-05-2025,241,193,165,0.80,No,01-05-2025
26-05-2025,118,102,171,0.86,No,01-05-2025
27-05-2025,203,162,149,0.80,No,01-05-2025
28-05-2025,239,210,177,0.88,No,01-05-2025
29-05-2025,144,123,169,0.85,No,01-05-2025
30-05-2025,195,195,84,1.00,No,01-05-2025
31-05-2025,132,98,208,0.74,No,01-05-2025
01-06-2025,121,87,123,0.72,No,01-06-2025
02-06-2025,159,124,107,0.78,No,01-06-2025
03-06-2025,105,94,159,0.90,No,01-06-2025
04-06-2025,212,202,122,0.95,No,01-06-2025
05-06-2025,234,112,174,0.48,No,01-06-2025
06-06-2025,101,63,137,0.62,No,01-06-2025
07-06-2025,239,110,201,0.46,No,01-06-2025
08-06-2025,236,164,170,0.69,No,01-06-2025
09-06-2025,231,68,139,0.29,No,01-06-2025
10-06-2025,104,92,132,0.88,No,01-06-2025
11-06-2025,232,174,139,0.75,No,01-06-2025
12-06-2025,115,102,96,0.89,No,01-06-2025
13-06-2025,185,91,97,0.49,No,01-06-2025
14-06-2025,195,132,134,0.68,No,01-06-2025
15-06-2025,231,108,124,0.47,No,01-06-2025
16-06-2025,141,122,214,0.87,No,01-06-2025
17-06-2025,154,145,136,0.94,No,01-06-2025
18-06-2025,108,95,164,0.88,No,01-06-2025
19-06-2025,188,174,191,0.93,No,01-06-2025
20-06-2025,142,74,178,0.52,No,01-06-2025
21-06-2025,155,134,115,0.86,No,01-06-2025
22-06-2025,184,105,100,0.57,No,01-06-2025
23-06-2025,181,91,109,0.50,No,01-06-2025
24-06-2025,147,123,,0.84,No,01-06-2025
25-06-2025,235,166,148,0.71,No,01-06-2025
26-06-2025,133,79,186,0.59,No,01-06-2025
27-06-2025,253,182,167,0.72,No,01-06-2025
28-06-2025,228,216,107,0.95,No,01-06-2025
29-06-2025,240,101,203,0.42,No,01-06-2025
30-06-2025,175,96,126,0.55,No,01-06-2025
01-07-2025,239,96,217,0.40,No,01-07-2025
02-07-2025,145,127,85,0.88,No,01-07-2025
03-07-2025,112,68,219,0.61,No,01-07-2025
04-07-2025,154,131,152,0.85,No,01-07-2025
05-07-2025,171,118,138,0.69,No,01-07-2025
06-07-2025,104,108,142,1.04,Yes,01-07-2025
07-07-2025,257,243,201,0.95,No,01-07-2025
08-07-2025,149,86,95,0.58,No,01-07-2025
09-07-2025,167,150,92,0.90,No,01-07-2025
10-07-2025,108,92,,0.85,No,01-07-2025
11-07-2025,143,81,80,0.57,No,01-07-2025
12-07-2025,101,87,178,0.86,No,01-07-2025
13-07-2025,158,76,135,0.48,No,01-07-2025
14-07-2025,126,124,200,0.98,No,01-07-2025
15-07-2025,147,109,86,0.74,No,01-07-2025
16-07-2025,159,101,98,0.64,No,01-07-2025
17-07-2025,260,166,219,0.64,No,01-07-2025
18-07-2025,199,121,106,0.61,No,01-07-2025
19-07-2025,228,210,176,0.92,No,01-07-2025
20-07-2025,138,124,109,0.90,No,01-07-2025
21-07-2025,117,97,202,0.83,No,01-07-2025
22-07-2025,129,89,87,0.69,No,01-07-2025
23-07-2025,241,115,220,0.48,No,01-07-2025
24-07-2025,153,142,174,0.93,No,01-07-2025
25-07-2025,134,129,217,0.96,No,01-07-2025
26-07-2025,186,142,214,0.76,No,01-07-2025
27-07-2025,200,125,176,0.63,No,01-07-2025
28-07-2025,169,159,185,0.94,No,01-07-2025
29-07-2025,170,88,159,0.52,No,01-07-2025
30-07-2025,225,222,108,0.99,No,01-07-2025
31-07-2025,247,146,146,0.59,No,01-07-2025
01-08-2025,237,66,89,0.28,No,01-08-2025
02-08-2025,169,72,97,0.43,No,01-08-2025
03-08-2025,133,133,165,1.00,No,01-08-2025
04-08-2025,220,192,139,0.87,No,01-08-2025
05-08-2025,137,103,,0.75,No,01-08-2025
06-08-2025,111,64,128,0.58,No,01-08-2025
07-08-2025,218,107,107,0.49,No,01-08-2025
08-08-2025,161,145,164,0.90,No,01-08-2025
09-08-2025,248,109,107,0.44,No,01-08-2025
10-08-2025,154,80,220,0.52,No,01-08-2025
11-08-2025,154,103,121,0.67,No,01-08-2025
12-08-2025,203,146,143,0.72,No,01-08-2025
13-08-2025,154,146,,0.95,No,01-08-2025
14-08-2025,187,89,187,0.48,No,01-08-2025
15-08-2025,192,163,178,0.85,No,01-08-2025
16-08-2025,178,67,175,0.38,No,01-08-2025
17-08-2025,224,208,96,0.93,No,01-08-2025
18-08-2025,127,127,134,1.00,No,01-08-2025
19-08-2025,101,67,,0.66,No,01-08-2025
20-08-2025,129,70,192,0.54,No,01-08-2025
21-08-2025,187,132,184,0.71,No,01-08-2025
22-08-2025,240,132,188,0.55,No,01-08-2025
23-08-2025,119,107,92,0.90,No,01-08-2025
24-08-2025,257,231,179,0.90,No,01-08-2025
25-08-2025,142,67,124,0.47,No,01-08-2025
26-08-2025,132,86,206,0.65,No,01-08-2025
27-08-2025,123,103,119,0.84,No,01-08-2025
28-08-2025,228,148,108,0.65,No,01-08-2025
29-08-2025,140,116,,0.83,No,01-08-2025
30-08-2025,200,87,146,0.44,No,01-08-2025
31-08-2025,126,69,197,0.55,No,01-08-2025
01-09-2025,195,148,212,0.76,No,01-09-2025
02-09-2025,233,197,213,0.85,No,01-09-2025
03-09-2025,242,236,120,0.98,No,01-09-2025
04-09-2025,259,249,116,0.96,No,01-09-2025
05-09-2025,243,167,122,0.69,No,01-09-2025
06-09-2025,248,238,150,0.96,No,01-09-2025
07-09-2025,204,127,132,0.62,No,01-09-2025
08-09-2025,151,139,106,0.92,No,01-09-2025
09-09-2025,242,181,177,0.75,No,01-09-2025
10-09-2025,198,96,91,0.48,No,01-09-2025
11-09-2025,196,107,220,0.55,No,01-09-2025
12-09-2025,188,143,98,0.76,No,01-09-2025
13-09-2025,242,180,117,0.74,No,01-09-2025
14-09-2025,133,88,124,0.66,No,01-09-2025
15-09-2025,174,100,107,0.57,No,01-09-2025
16-09-2025,171,144,180,0.84,No,01-09-2025
17-09-2025,184,81,165,0.44,No,01-09-2025
18-09-2025,129,111,107,0.86,No,01-09-2025
19-09-2025,184,77,85,0.42,No,01-09-2025
20-09-2025,240,131,117,0.55,No,01-09-2025
21-09-2025,260,85,210,0.33,No,01-09-2025
22-09-2025,208,139,150,0.67,No,01-09-2025
23-09-2025,111,96,128,0.86,No,01-09-2025
24-09-2025,196,75,158,0.38,No,01-09-2025
25-09-2025,254,204,104,0.80,No,01-09-2025
26-09-2025,136,111,121,0.82,No,01-09-2025
27-09-2025,170,148,208,0.87,No,01-09-2025
28-09-2025,191,110,119,0.58,No,01-09-2025
29-09-2025,154,105,198,0.68,No,01-09-2025
30-09-2025,195,101,169,0.52,No,01-09-2025
01-10-2025,141,80,107,0.57,No,01-10-2025
02-10-2025,143,68,95,0.48,No,01-10-2025
03-10-2025,190,71,107,0.37,No,01-10-2025
04-10-2025,242,134,112,0.55,No,01-10-2025
05-10-2025,246,207,204,0.84,No,01-10-2025
06-10-2025,228,95,184,0.42,No,01-10-2025
07-10-2025,183,88,158,0.48,No,01-10-2025
08-10-2025,182,101,194,0.55,No,01-10-2025
09-10-2025,246,134,193,0.54,No,01-10-2025
10-10-2025,177,123,202,0.69,No,01-10-2025
11-10-2025,177,68,165,0.38,No,01-10-2025
12-10-2025,210,107,137,0.51,No,01-10-2025
13-10-2025,255,247,192,0.97,No,01-10-2025
14-10-2025,250,154,201,0.62,No,01-10-2025
15-10-2025,169,150,147,0.89,No,01-10-2025
16-10-2025,169,123,122,0.73,No,01-10-2025
17-10-2025,159,70,116,0.44,No,01-10-2025
18-10-2025,136,106,160,0.78,No,01-10-2025
19-10-2025,149,140,197,0.94,No,01-10-2025
20-10-2025,194,116,219,0.60,No,01-10-2025
21-10-2025,124,122,190,0.98,No,01-10-2025
22-10-2025,160,127,190,0.79,No,01-10-2025
23-10-2025,211,108,170,0.51,No,01-10-2025
24-10-2025,198,195,102,0.98,No,01-10-2025
25-10-2025,147,91,195,0.62,No,01-10-2025
26-10-2025,161,67,211,0.42,No,01-10-2025
27-10-2025,256,93,216,0.36,No,01-10-2025
28-10-2025,101,90,89,0.89,No,01-10-2025
29-10-2025,240,65,172,0.27,No,01-10-2025
30-10-2025,260,239,,0.92,No,01-10-2025
31-10-2025,113,83,82,0.73,No,01-10-2025
01-11-2025,192,90,161,0.47,No,01-11-2025
02-11-2025,225,172,153,0.76,No,01-11-2025
03-11-2025,163,103,123,0.63,No,01-11-2025
04-11-2025,245,89,198,0.36,No,01-11-2025
05-11-2025,135,109,80,0.81,No,01-11-2025
06-11-2025,149,108,145,0.72,No,01-11-2025
07-11-2025,223,64,,0.29,No,01-11-2025
08-11-2025,188,105,88,0.56,No,01-11-2025
09-11-2025,178,128,150,0.72,No,01-11-2025
10-11-2025,145,90,124,0.62,No,01-11-2025
11-11-2025,160,102,217,0.64,No,01-11-2025
12-11-2025,257,188,203,0.73,No,01-11-2025
13-11-2025,172,95,111,0.55,No,01-11-2025
14-11-2025,193,186,92,0.96,No,01-11-2025
15-11-2025,146,72,209,0.49,No,01-11-2025
16-11-2025,238,147,119,0.62,No,01-11-2025
17-11-2025,101,89,139,0.88,No,01-11-2025
18-11-2025,254,239,156,0.94,No,01-11-2025
19-11-2025,181,70,182,0.39,No,01-11-2025
20-11-2025,123,123,94,1.00,No,01-11-2025
21-11-2025,133,62,208,0.47,No,01-11-2025
22-11-2025,195,184,102,0.94,No,01-11-2025
23-11-2025,240,168,180,0.70,No,01-11-2025
24-11-2025,224,195,127,0.87,No,01-11-2025
25-11-2025,168,87,191,0.52,No,01-11-2025
26-11-2025,218,198,163,0.91,No,01-11-2025
27-11-2025,206,182,133,0.88,No,01-11-2025
28-11-2025,213,119,210,0.56,No,01-11-2025
29-11-2025,104,68,109,0.65,No,01-11-2025
30-11-2025,245,131,124,0.53,No,01-11-2025
01-12-2025,172,166,172,0.97,No,01-12-2025
02-12-2025,159,122,203,0.77,No,01-12-2025
03-12-2025,224,77,,0.34,No,01-12-2025
04-12-2025,137,113,116,0.82,No,01-12-2025
05-12-2025,200,178,205,0.89,No,01-12-2025
06-12-2025,124,113,98,0.91,No,01-12-2025
07-12-2025,112,94,104,0.84,No,01-12-2025
08-12-2025,100,75,130,0.75,No,01-12-2025
09-12-2025,111,68,198,0.61,No,01-12-2025
10-12-2025,247,139,121,0.56,No,01-12-2025
11-12-2025,239,202,106,0.85,No,01-12-2025
12-12-2025,207,87,173,0.42,No,01-12-2025
13-12-2025,173,125,177,0.72,No,01-12-2025
14-12-2025,138,93,80,0.67,No,01-12-2025
15-12-2025,158,151,207,0.96,No,01-12-2025
16-12-2025,109,83,207,0.76,No,01-12-2025
17-12-2025,135,69,202,0.51,No,01-12-2025
18-12-2025,133,129,173,0.97,No,01-12-2025
19-12-2025,110,86,160,0.78,No,01-12-2025
20-12-2025,211,210,208,1.00,No,01-12-2025
21-12-2025,115,103,187,0.90,No,01-12-2025
22-12-2025,145,97,216,0.67,No,01-12-2025
23-12-2025,219,70,103,0.32,No,01-12-2025
24-12-2025,163,106,124,0.65,No,01-12-2025
25-12-2025,242,92,186,0.38,No,01-12-2025
26-12-2025,138,118,188,0.86,No,01-12-2025
27-12-2025,149,105,180,0.70,No,01-12-2025
28-12-2025,235,231,219,0.98,No,01-12-2025
29-12-2025,250,93,104,0.37,No,01-12-2025
30-12-2025,143,132,146,0.92,No,01-12-2025
